电影名,国家,导演及主演,年份,评分,引言,链接,类型
肖申克的救赎,美国,导演:弗兰克·德拉邦特FrankDarabont   主演:蒂姆·罗宾斯TimRobbins/...,                            1994,9.7,希望让人自由。,https://movie.douban.com/subject/1292052/,犯罪剧情
霸王别姬,中国,导演:陈凯歌KaigeChen   主演:张国荣LeslieCheung/张丰毅FengyiZha...,                            1993,9.6,风华绝代。,https://movie.douban.com/subject/1291546/,剧情爱情同性
阿甘正传,美国,导演:罗伯特·泽米吉斯RobertZemeckis   主演:汤姆·汉克斯TomHanks/...,                            1994,9.5,一部美国近现代史。,https://movie.douban.com/subject/1292720/,剧情爱情
泰坦尼克号,美国 墨西哥,导演:詹姆斯·卡梅隆JamesCameron   主演:莱昂纳多·迪卡普里奥Leonardo...,                            1997,9.5,失去的才是永恒的。 ,https://movie.douban.com/subject/1292722/,剧情爱情灾难
这个杀手不太冷,法国 美国,导演:吕克·贝松LucBesson   主演:让·雷诺JeanReno/娜塔莉·波特曼...,                            1994,9.4,怪蜀黍和小萝莉不得不说的故事。,https://movie.douban.com/subject/1295644/,剧情动作犯罪
千与千寻,日本,导演:宫崎骏HayaoMiyazaki   主演:柊瑠美RumiHîragi/入野自由Miy...,                            2001,9.4,最好的宫崎骏，最好的久石让。 ,https://movie.douban.com/subject/1291561/,剧情动画奇幻
美丽人生,意大利,导演:罗伯托·贝尼尼RobertoBenigni   主演:罗伯托·贝尼尼RobertoBeni...,                            1997,9.6,最美的谎言。,https://movie.douban.com/subject/1292063/,剧情喜剧爱情战争
辛德勒的名单,美国,导演:史蒂文·斯皮尔伯格StevenSpielberg   主演:连姆·尼森LiamNeeson...,                            1993,9.6,拯救一个人，就是拯救整个世界。,https://movie.douban.com/subject/1295124/,剧情历史战争
星际穿越,美国 英国 加拿大,导演:克里斯托弗·诺兰ChristopherNolan   主演:马修·麦康纳MatthewMc...,                            2014,9.4,爱是一种力量，让我们超越时空感知它的存在。,https://movie.douban.com/subject/1889243/,剧情科幻冒险
盗梦空间,美国 英国,导演:克里斯托弗·诺兰ChristopherNolan   主演:莱昂纳多·迪卡普里奥Le...,                            2010,9.4,诺兰给了我们一场无法盗取的梦。,https://movie.douban.com/subject/3541415/,剧情科幻悬疑冒险
楚门的世界,美国,导演:彼得·威尔PeterWeir   主演:金·凯瑞JimCarrey/劳拉·琳妮Lau...,                            1998,9.4,如果再也不能见到你，祝你早安，午安，晚安。,https://movie.douban.com/subject/1292064/,剧情科幻
忠犬八公的故事,美国 英国,导演:莱塞·霍尔斯道姆LasseHallström   主演:理查·基尔RichardGer...,                            2009,9.4,永远都不能忘记你所爱的人。,https://movie.douban.com/subject/3011091/,剧情
海上钢琴师,意大利,导演:朱塞佩·托纳多雷GiuseppeTornatore   主演:蒂姆·罗斯TimRoth/...,                            1998,9.3,每个人都要走一条自己坚定了的路，就算是粉身碎骨。 ,https://movie.douban.com/subject/1292001/,剧情音乐
三傻大闹宝莱坞,印度,导演:拉库马·希拉尼RajkumarHirani   主演:阿米尔·汗AamirKhan/卡...,                            2009,9.2,英俊版憨豆，高情商版谢耳朵。,https://movie.douban.com/subject/3793023/,剧情喜剧爱情歌舞
放牛班的春天,法国 瑞士 德国,导演:克里斯托夫·巴拉蒂ChristopheBarratier   主演:让-巴蒂斯特·莫尼...,                            2004,9.3,天籁一般的童声，是最接近上帝的存在。 ,https://movie.douban.com/subject/1291549/,剧情音乐
机器人总动员,美国,导演:安德鲁·斯坦顿AndrewStanton   主演:本·贝尔特BenBurtt/艾丽...,                            2008,9.3,小瓦力，大人生。,https://movie.douban.com/subject/2131459/,科幻动画冒险
无间道,中国,导演:刘伟强/麦兆辉   主演:刘德华AndyLau/梁朝伟TonyLeungChiuW...,                            2002,9.3,香港电影史上永不过时的杰作。,https://movie.douban.com/subject/1307914/,剧情犯罪惊悚
疯狂动物城,美国,导演:拜伦·霍华德ByronHoward/瑞奇·摩尔RichMoore   主演:金妮弗·...,                            2016,9.2,迪士尼给我们营造的乌托邦就是这样，永远善良勇敢，永远出乎意料。,https://movie.douban.com/subject/25662329/,喜剧动画冒险
控方证人,美国,导演:比利·怀尔德BillyWilder   主演:泰隆·鲍华TyronePower/玛琳·...,                            1957,9.6,比利·怀德满分作品。,https://movie.douban.com/subject/1296141/,剧情犯罪悬疑
大话西游之大圣娶亲,中国,导演:刘镇伟JeffreyLau   主演:周星驰StephenChow/吴孟达ManTatNg...,                            1995,9.2,一生所爱。,https://movie.douban.com/subject/1292213/,喜剧爱情奇幻古装
熔炉,韩国,导演:黄东赫Dong-hyukHwang   主演:孔侑YooGong/郑有美Yu-miJung/...,                            2011,9.4,我们一路奋战不是为了改变世界，而是为了不让世界改变我们。,https://movie.douban.com/subject/5912992/,剧情
教父,美国,导演:弗朗西斯·福特·科波拉FrancisFordCoppola   主演:马龙·白兰度M...,                            1972,9.3,千万不要记恨你的对手，这样会让你失去理智。,https://movie.douban.com/subject/1291841/,剧情犯罪
触不可及,法国,导演:奥利维·那卡什OlivierNakache/艾力克·托兰达EricToledano   主...,                            2011,9.3,满满温情的高雅喜剧。,https://movie.douban.com/subject/6786002/,剧情喜剧
当幸福来敲门,美国,导演:加布里尔·穆奇诺GabrieleMuccino   主演:威尔·史密斯WillSmith...,                            2006,9.2,平民励志片。 ,https://movie.douban.com/subject/1849031/,剧情传记家庭
怦然心动,美国,导演:罗伯·莱纳RobReiner   主演:玛德琳·卡罗尔MadelineCarroll/卡...,                            2010,9.1,真正的幸福是来自内心深处。,https://movie.douban.com/subject/3319755/,剧情喜剧爱情
龙猫,日本,导演:宫崎骏HayaoMiyazaki   主演:日高法子NorikoHidaka/坂本千夏Ch...,                            1988,9.2,人人心中都有个龙猫，童年就永远不会消失。,https://movie.douban.com/subject/1291560/,动画奇幻冒险
末代皇帝,中国,导演:贝纳尔多·贝托鲁奇BernardoBertolucci   主演:尊龙JohnLone/陈...,                            1987,9.3,“不要跟我比惨，我比你更惨”再适合这部电影不过了。,https://movie.douban.com/subject/1293172/,剧情传记历史
寻梦环游记,美国,导演:李·昂克里奇LeeUnkrich/阿德里安·莫利纳AdrianMolina   主演:...,                            2017,9.1,死亡不是真的逝去，遗忘才是永恒的消亡。,https://movie.douban.com/subject/20495023/,喜剧动画奇幻音乐
活着,中国,导演:张艺谋YimouZhang   主演:葛优YouGe/巩俐LiGong/姜武WuJiang,                            1994,9.3,张艺谋最好的电影。,https://movie.douban.com/subject/1292365/,剧情历史家庭
蝙蝠侠：黑暗骑士,美国 英国,导演:克里斯托弗·诺兰ChristopherNolan   主演:克里斯蒂安·贝尔Christ...,                            2008,9.2,无尽的黑暗。,https://movie.douban.com/subject/1851857/,剧情动作科幻犯罪惊悚
哈利·波特与魔法石,美国 英国,导演:ChrisColumbus   主演:DanielRadcliffe/EmmaWatson/RupertGrint,                            2001,9.2,童话世界的开端。,https://movie.douban.com/subject/1295038/,奇幻冒险
指环王3：王者无敌,美国 新西兰,导演:彼得·杰克逊PeterJackson   主演:伊利亚·伍德ElijahWood/西恩...,                            2003,9.3,史诗的终章。,https://movie.douban.com/subject/1291552/,剧情动作奇幻冒险
乱世佳人,美国,导演:维克多·弗莱明VictorFleming/乔治·库克GeorgeCukor   主演:费...,                            1939,9.3,Tomorrow is another day.,https://movie.douban.com/subject/1300267/,剧情历史爱情战争
我不是药神,中国,导演:文牧野MuyeWen   主演:徐峥ZhengXu/王传君ChuanjunWang/周...,                            2018,9.0,对我们国家而言，这样的电影多一部是一部。,https://movie.douban.com/subject/26752088/,剧情喜剧
飞屋环游记,美国,导演:彼特·道格特PeteDocter/鲍勃·彼德森BobPeterson   主演:爱德...,                            2009,9.1,最后那些最无聊的事情，才是最值得怀念的。 ,https://movie.douban.com/subject/2129039/,剧情喜剧动画冒险
素媛,韩国,导演:李濬益Jun-ikLee   主演:薛景求Kyung-guSol/严志媛Ji-wonUhm...,                            2013,9.3,受过伤害的人总是笑得最开心，因为他们不愿意让身边的人承受一样的痛苦。,https://movie.douban.com/subject/21937452/,剧情
哈尔的移动城堡,日本,导演:宫崎骏HayaoMiyazaki   主演:倍赏千惠子ChiekoBaishô/木村拓...,                            2004,9.1,带着心爱的人在天空飞翔。,https://movie.douban.com/subject/1308807/,动画奇幻冒险
十二怒汉,美国,导演:SidneyLumet   主演:亨利·方达HenryFonda/马丁·鲍尔萨姆Marti...,                            1957,9.4,1957年的理想主义。 ,https://movie.douban.com/subject/1293182/,剧情
何以为家,黎巴嫩 美国 法国 塞浦路斯 卡塔尔 英国,导演:娜丁·拉巴基NadineLabaki   主演:扎因·拉费阿Zainal-Rafeea/...,                            2018,9.1,凝视卑弱生命，用电影改变命运。,https://movie.douban.com/subject/30170448/,剧情
摔跤吧！爸爸,印度,导演:涅提·蒂瓦里NiteshTiwari   主演:阿米尔·汗AamirKhan/法缇玛...,                            2016,9.0,你不是在为你一个人战斗，你要让千千万万的女性看到女生并不是只能相夫教子。,https://movie.douban.com/subject/26387939/,剧情传记运动家庭
让子弹飞,中国,导演:姜文WenJiang   主演:姜文WenJiang/葛优YouGe/周润发Yun-F...,                            2010,9.0,你给我翻译翻译，神马叫做TMD的惊喜。,https://movie.douban.com/subject/3742360/,剧情喜剧动作西部
鬼子来了,中国,导演:姜文WenJiang   主演:姜文WenJiang/香川照之TeruyukiKagawa/...,                            2000,9.3,对敌人的仁慈，就是对自己残忍。,https://movie.douban.com/subject/1291858/,剧情喜剧
猫鼠游戏,美国 加拿大,导演:史蒂文·斯皮尔伯格StevenSpielberg   主演:莱昂纳多·迪卡普里奥L...,                            2002,9.1,骗子大师和执著警探的你追我跑故事。 ,https://movie.douban.com/subject/1305487/,传记犯罪剧情
少年派的奇幻漂流,中国,导演:李安AngLee   主演:苏拉·沙玛SurajSharma/伊尔凡·可汗Irrfan...,                            2012,9.1,瑰丽壮观、无人能及的冒险之旅。,https://movie.douban.com/subject/1929463/,剧情奇幻冒险
天空之城,日本,导演:宫崎骏HayaoMiyazaki   主演:田中真弓MayumiTanaka/横泽启子Ke...,                            1986,9.2,对天空的追逐，永不停止。 ,https://movie.douban.com/subject/1291583/,动画奇幻冒险
海蒂和爷爷,德国 瑞士,导演:阿兰·葛斯彭纳AlainGsponer   主演:阿努克·斯特芬AnukSteffen/...,                            2015,9.3,如果生活中有什么使你感到快乐，那就去做吧！不要管别人说什么。,https://movie.douban.com/subject/25958717/,剧情冒险家庭
钢琴家,英国 法国 波兰 德国,导演:罗曼·波兰斯基RomanPolanski   主演:艾德里安·布洛迪AdrienBrod...,                            2002,9.3,音乐能化解仇恨。,https://movie.douban.com/subject/1296736/,剧情传记战争音乐
大话西游之月光宝盒,中国,导演:刘镇伟JeffreyLau   主演:周星驰StephenChow/吴孟达ManTatNg...,                            1995,9.0,旷古烁今。,https://movie.douban.com/subject/1299398/,喜剧爱情奇幻古装
指环王2：双塔奇兵,美国 新西兰,导演:彼得·杰克逊PeterJackson   主演:伊利亚·伍德ElijahWood/西恩...,                            2002,9.2,承前启后的史诗篇章。,https://movie.douban.com/subject/1291572/,剧情动作奇幻冒险
闻香识女人,美国,导演:马丁·布莱斯MartinBrest   主演:阿尔·帕西诺AlPacino/克里斯...,                            1992,9.1,史上最美的探戈。,https://movie.douban.com/subject/1298624/,剧情
罗马假日,美国,导演:威廉·惠勒WilliamWyler   主演:奥黛丽·赫本AudreyHepburn/格...,                            1953,9.1,爱情哪怕只有一天。,https://movie.douban.com/subject/1293839/,喜剧剧情爱情
天堂电影院,意大利 法国,导演:朱塞佩·托纳多雷GiuseppeTornatore   主演:菲利普·努瓦雷Philipp...,                            1988,9.2,那些吻戏，那些青春，都在影院的黑暗里被泪水冲刷得无比清晰。,https://movie.douban.com/subject/1291828/,剧情爱情
死亡诗社,美国,导演:彼得·威尔PeterWeir   主演:罗宾·威廉姆斯RobinWilliams/罗伯...,                            1989,9.2,当一个死水般的体制内出现一个活跃的变数时，所有的腐臭都站在了光明的对面。,https://movie.douban.com/subject/1291548/,剧情
绿皮书,中国,导演:彼得·法雷里PeterFarrelly   主演:维果·莫腾森ViggoMortensen/...,                            2018,8.9,去除成见，需要勇气。,https://movie.douban.com/subject/27060077/,剧情喜剧传记音乐
大闹天宫,中国,导演:万籁鸣LaimingWan   主演:邱岳峰YuefengQiu/富润生RunshengFu...,                            1961 ,9.4,经典之作，历久弥新。,https://movie.douban.com/subject/1418019/, 剧情动画奇幻古装
指环王1：护戒使者,新西兰 美国,导演:彼得·杰克逊PeterJackson   主演:伊利亚·伍德ElijahWood/西恩...,                            2001,9.1,传说的开始。,https://movie.douban.com/subject/1291571/,剧情动作奇幻冒险
黑客帝国,美国,导演:安迪·沃卓斯基AndyWachowski/拉娜·沃卓斯基LanaWachowski   主...,                            1999,9.1,视觉革命。,https://movie.douban.com/subject/1291843/,动作科幻
教父2,美国,导演:弗朗西斯·福特·科波拉FrancisFordCoppola   主演:阿尔·帕西诺A...,                            1974,9.3,优雅的孤独。,https://movie.douban.com/subject/1299131/,剧情犯罪
狮子王,美国,导演:RogerAllers/罗伯·明可夫RobMinkoff   主演:乔纳森·泰勒·托马...,                            1994,9.1,动物版《哈姆雷特》。,https://movie.douban.com/subject/1301753/,动画冒险歌舞
辩护人,韩国,导演:杨宇硕Woo-seokYang   主演:宋康昊Kang-hoSong/金英爱Yeong-ae...,                            2013,9.2,电影的现实意义大过电影本身。,https://movie.douban.com/subject/21937445/,剧情
饮食男女,中国,导演:李安AngLee   主演:郎雄SihungLung/杨贵媚Kuei-MeiYang/吴...,                            1994,9.2,人生不能像做菜，把所有的料都准备好了才下锅。,https://movie.douban.com/subject/1291818/,剧情家庭
搏击俱乐部,美国,导演:大卫·芬奇DavidFincher   主演:爱德华·诺顿EdwardNorton/布拉...,                            1999,9.0,邪恶与平庸蛰伏于同一个母体，在特定的时间互相对峙。,https://movie.douban.com/subject/1292000/,剧情动作悬疑惊悚
美丽心灵,美国,导演:朗·霍华德RonHoward   主演:罗素·克劳RussellCrowe/艾德·哈...,                            2001,9.1,爱是一切逻辑和原由。,https://movie.douban.com/subject/1306029/,传记剧情
本杰明·巴顿奇事,美国,导演:大卫·芬奇DavidFincher   主演:凯特·布兰切特CateBlanchett/...,                            2008,9.0,在时间之河里感受溺水之苦。,https://movie.douban.com/subject/1485260/,剧情爱情奇幻
穿条纹睡衣的男孩,英国 美国,导演:马克·赫尔曼MarkHerman   主演:阿萨·巴特菲尔德AsaButterfield...,                            2008,9.2,尽管有些不切实际的幻想，这部电影依旧是一部感人肺腑的佳作。,https://movie.douban.com/subject/3008247/,剧情战争
窃听风暴,德国,导演:弗洛里安·亨克尔·冯·多纳斯马尔克FlorianHenckelvonDonnersmarck  &n...,                            2006,9.2,别样人生。,https://movie.douban.com/subject/1900841/,剧情悬疑
情书,日本,导演:岩井俊二ShunjiIwai   主演:中山美穗MihoNakayama/丰川悦司Ets...,                            1995,8.9,暗恋的极致。,https://movie.douban.com/subject/1292220/,剧情爱情
两杆大烟枪,英国,导演:盖·里奇GuyRitchie   主演:杰森·弗莱明JasonFlemyng/德克斯特...,                            1998,9.1,4个臭皮匠顶个诸葛亮，盖·里奇果然不是盖的。,https://movie.douban.com/subject/1293350/,剧情喜剧犯罪
西西里的美丽传说,意大利 美国,导演:朱塞佩·托纳多雷GiuseppeTornatore   主演:莫妮卡·贝鲁奇Monica...,                            2000,8.9,美丽无罪。,https://movie.douban.com/subject/1292402/,剧情战争情色
音乐之声,美国,导演:罗伯特·怀斯RobertWise   主演:朱莉·安德鲁斯JulieAndrews/克...,                            1965,9.1,用音乐化解仇恨，让歌声串起美好。,https://movie.douban.com/subject/1294408/,剧情传记爱情歌舞
看不见的客人,西班牙,导演:奥里奥尔·保罗OriolPaulo   主演:马里奥·卡萨斯MarioCasas/阿...,                            2016,8.8,你以为你以为的就是你以为的。,https://movie.douban.com/subject/26580232/,剧情犯罪悬疑惊悚
阿凡达,美国,导演:詹姆斯·卡梅隆JamesCameron   主演:萨姆·沃辛顿SamWorthington...,                            2009,8.8,绝对意义上的美轮美奂。,https://movie.douban.com/subject/1652587/,动作科幻冒险
拯救大兵瑞恩,美国,导演:史蒂文·斯皮尔伯格StevenSpielberg   主演:汤姆·汉克斯TomHanks...,                            1998,9.1,美利坚精神输出大片No1.,https://movie.douban.com/subject/1292849/,剧情战争
小鞋子,伊朗,导演:马基德·马基迪MajidMajidi   主演:默罕默德·阿米尔·纳吉Mohamma...,                            1997,9.2,奔跑的孩子是天使。,https://movie.douban.com/subject/1303021/,剧情儿童家庭
飞越疯人院,美国,导演:米洛斯·福尔曼MilošForman   主演:杰克·尼科尔森JackNichols...,                            1975,9.1,自由万岁。,https://movie.douban.com/subject/1292224/,剧情
哈利·波特与死亡圣器(下),美国 英国,导演:大卫·叶茨DavidYates   主演:丹尼尔·雷德克里夫DanielRadcliffe...,                            2011,9.0,10年的完美句点。,https://movie.douban.com/subject/3011235/,奇幻冒险
沉默的羔羊,美国,导演:乔纳森·戴米JonathanDemme   主演:朱迪·福斯特JodieFoster/安...,                            1991,8.9,安东尼·霍普金斯的顶级表演。,https://movie.douban.com/subject/1293544/,剧情犯罪惊悚
布达佩斯大饭店,美国 德国 英国,导演:韦斯·安德森WesAnderson   主演:拉尔夫·费因斯RalphFiennes/...,                            2014,8.9,小清新的故事里注入了大历史的情怀。,https://movie.douban.com/subject/11525673/,剧情喜剧冒险
禁闭岛,美国,导演:MartinScorsese   主演:莱昂纳多·迪卡普里奥LeonardoDiCaprio/...,                            2010,8.9,昔日翩翩少年，今日大腹便便。,https://movie.douban.com/subject/2334904/,剧情悬疑惊悚
蝴蝶效应,美国 加拿大,导演:埃里克·布雷斯EricBress/J·麦基·格鲁伯J.MackyeGruber   主...,                            2004,8.9,人的命运被自己瞬间的抉择改变。,https://movie.douban.com/subject/1292343/,剧情悬疑科幻惊悚
致命魔术,英国 美国,导演:克里斯托弗·诺兰ChristopherNolan   主演:休·杰克曼HughJackman...,                            2006,8.9,孪生蝙蝠侠大战克隆金刚狼。,https://movie.douban.com/subject/1780330/,剧情悬疑惊悚
功夫,中国,导演:周星驰StephenChow   主演:周星驰StephenChow/元秋QiuYuen/...,                            2004,8.8,警恶惩奸，维护世界和平这个任务就交给你了，好吗？,https://movie.douban.com/subject/1291543/,动作喜剧犯罪奇幻
心灵捕手,美国,导演:格斯·范·桑特GusVanSant   主演:马特·达蒙MattDamon/罗宾·...,                            1997,8.9,人生中应该拥有这样的一段豁然开朗。,https://movie.douban.com/subject/1292656/,剧情
海豚湾,美国,导演:路易·西霍尤斯LouiePsihoyos   主演:路易·西霍尤斯LouiePsihoyo...,                            2009,9.3,海豚的微笑，是世界上最高明的伪装。,https://movie.douban.com/subject/3442220/,纪录片
哈利·波特与阿兹卡班的囚徒,英国 美国,导演:AlfonsoCuarón   主演:丹尼尔·雷德克里夫DanielRadcliffe/Emma...,                            2004,8.9,不一样的导演，不一样的哈利·波特。,https://movie.douban.com/subject/1291544/,奇幻冒险
低俗小说,美国,导演:昆汀·塔伦蒂诺QuentinTarantino   主演:约翰·特拉沃尔塔JohnTra...,                            1994,8.9,故事的高级讲法。,https://movie.douban.com/subject/1291832/,剧情喜剧犯罪
春光乍泄,中国,导演:王家卫KarWaiWong   主演:张国荣LeslieCheung/梁朝伟TonyLeu...,                            1997,9.0,爱情纠缠，男女一致。,https://movie.douban.com/subject/1292679/,剧情爱情同性
美国往事,美国 意大利,导演:赛尔乔·莱翁内SergioLeone   主演:罗伯特·德尼罗RobertDeNiro...,                            1984,9.2,往事如烟，无处祭奠。,https://movie.douban.com/subject/1292262/,犯罪剧情
超脱,美国,导演:托尼·凯耶TonyKaye   主演:艾德里安·布洛迪AdrienBrody/马西...,                            2011,9.0,穷尽一生，我们要学会的，不过是彼此拥抱。,https://movie.douban.com/subject/5322596/,剧情
摩登时代,美国,导演:查理·卓别林CharlesChaplin   主演:查理·卓别林CharlesChaplin...,                            1936,9.3,大时代中的人生，小人物的悲喜。,https://movie.douban.com/subject/1294371/,剧情喜剧爱情
喜剧之王,中国,导演:周星驰StephenChow/李力持Lik-ChiLee   主演:周星驰StephenCh...,                            1999,8.8,我是一个演员。,https://movie.douban.com/subject/1302425/,喜剧剧情爱情
致命ID,美国,导演:詹姆斯·曼高德JamesMangold   主演:约翰·库萨克JohnCusack/雷...,                            2003,8.9,最不可能的那个人永远是最可能的。,https://movie.douban.com/subject/1297192/,剧情悬疑惊悚
杀人回忆,韩国,导演:奉俊昊Joon-hoBong   主演:宋康昊Kang-hoSong/金相庆Sang-kyun...,                            2003,8.9,关于连环杀人悬案的集体回忆。,https://movie.douban.com/subject/1300299/,剧情动作犯罪悬疑惊悚
七宗罪,美国,导演:大卫·芬奇DavidFincher   主演:摩根·弗里曼MorganFreeman/布...,                            1995,8.8,警察抓小偷，老鼠玩死猫。,https://movie.douban.com/subject/1292223/,剧情犯罪悬疑惊悚
红辣椒,日本,导演:今敏SatoshiKon   主演:林原惠美MegumiHayashibara/江守彻Toru...,                            2006,9.1,梦的勾结。,https://movie.douban.com/subject/1865703/,动画悬疑科幻惊悚
加勒比海盗,美国,导演:戈尔·维宾斯基GoreVerbinski   主演:约翰尼·德普JohnnyDepp/...,                            2003,8.8,约翰尼·德普的独角戏。,https://movie.douban.com/subject/1298070/,动作冒险奇幻
哈利·波特与密室,英国 美国,导演:ChrisColumbus   主演:丹尼尔·雷德克里夫DanielRadcliffe/艾玛...,                            2002,8.9,魔法的密室之门已打开...,https://movie.douban.com/subject/1296996/,奇幻冒险
狩猎,丹麦 瑞典,导演:托马斯·温特伯格ThomasVinterberg   主演:麦斯·米科尔森MadsMik...,                            2012,9.1,人言可畏。,https://movie.douban.com/subject/6985810/,剧情
一一,中国,导演:杨德昌EdwardYang   主演:吴念真/李凯莉KellyLee/金燕玲Elai...,                            2000,9.1,我们都曾经是一一。,https://movie.douban.com/subject/1292434/,剧情爱情家庭
7号房的礼物,韩国,导演:李焕庆Hwan-kyeongLee   主演:柳承龙Seung-yongRyoo/朴信惠Shi...,                            2013,8.9,《我是山姆》的《美丽人生》。,https://movie.douban.com/subject/10777687/,剧情喜剧家庭
被嫌弃的松子的一生,日本,导演:中岛哲也TetsuyaNakashima   主演:中谷美纪MikiNakatani/瑛太E...,                            2006,8.9,以戏谑来戏谑戏谑。,https://movie.douban.com/subject/1787291/,剧情歌舞
唐伯虎点秋香,中国,导演:李力持Lik-ChiLee   主演:周星驰StephenChow/巩俐LiGong/陈...,                            1993,8.7,华太师是黄霑，吴镇宇四大才子之一。,https://movie.douban.com/subject/1306249/,喜剧爱情古装
请以你的名字呼唤我,意大利 法国 巴西 美国,导演:卢卡·瓜达尼诺LucaGuadagnino   主演:艾米·汉莫ArmieHammer/...,                            2017,8.9,沉醉在电影的情感和视听氛围中无法自拔。,https://movie.douban.com/subject/26799731/,剧情爱情同性
断背山,美国 加拿大,导演:李安AngLee   主演:希斯·莱杰HeathLedger/杰克·吉伦哈尔Jake...,                            2005,8.8,每个人心中都有一座断背山。,https://movie.douban.com/subject/1418834/,剧情爱情同性家庭
剪刀手爱德华,美国,导演:蒂姆·波顿TimBurton   主演:约翰尼·德普JohnnyDepp/薇诺娜·...,                            1990,8.7,浪漫忧郁的成人童话。,https://movie.douban.com/subject/1292370/,剧情奇幻爱情
入殓师,日本,导演:泷田洋二郎YôjirôTakita   主演:本木雅弘MasahiroMotoki/...,                            2008,8.9,死可能是一道门，逝去并不是终结，而是超越，走向下一程。,https://movie.douban.com/subject/2149806/,剧情
爱在黎明破晓前,美国 奥地利 瑞士,导演:理查德·林克莱特RichardLinklater   主演:伊桑·霍克EthanHawke...,                            1995,8.8,缘分是个连绵词，最美不过一瞬。,https://movie.douban.com/subject/1296339/,剧情爱情
勇敢的心,美国,导演:梅尔·吉布森MelGibson   主演:梅尔·吉布森MelGibson/苏菲·玛...,                            1995,8.9,史诗大片的典范。,https://movie.douban.com/subject/1294639/,动作传记剧情历史战争
第六感,美国,导演:M·奈特·沙马兰M.NightShyamalan   主演:布鲁斯·威利斯BruceWi...,                            1999,8.9,深入内心的恐怖，出人意料的结局。,https://movie.douban.com/subject/1297630/,剧情悬疑惊悚
蝙蝠侠：黑暗骑士崛起,美国 英国,导演:克里斯托弗·诺兰ChristopherNolan   主演:克里斯蒂安·贝尔Christ...,                            2012,8.8,诺兰就是保证。,https://movie.douban.com/subject/3395373/,剧情动作科幻犯罪惊悚
重庆森林,中国,导演:王家卫KarWaiWong   主演:林青霞BrigitteLin/金城武TakeshiK...,                            1994,8.8,寂寞没有期限。,https://movie.douban.com/subject/1291999/,剧情爱情
幽灵公主,日本,导演:宫崎骏HayaoMiyazaki   主演:松田洋治YôjiMatsuda/石田百合...,                            1997,8.9,人与自然的战争史诗。,https://movie.douban.com/subject/1297359/,动画奇幻冒险
超能陆战队,美国,导演:唐·霍尔DonHall/克里斯·威廉姆斯ChrisWilliams   主演:斯科特...,                            2014,8.7,Balalala~~~,https://movie.douban.com/subject/11026735/,喜剧动作科幻动画冒险
爱在日落黄昏时,美国 法国,导演:理查德·林克莱特RichardLinklater   主演:伊桑·霍克EthanHawke...,                            2004,8.9,九年后的重逢是世俗和责任的交叠，没了悸动和青涩，沧桑而温暖。,https://movie.douban.com/subject/1291990/,剧情爱情
菊次郎的夏天,日本,导演:北野武TakeshiKitano   主演:北野武TakeshiKitano/关口雄介Yus...,                            1999,8.9,从没见过那么流氓的温柔，从没见过那么温柔的流氓。,https://movie.douban.com/subject/1293359/,剧情喜剧
甜蜜蜜,中国,导演:陈可辛PeterChan   主演:黎明LeonLai/张曼玉MaggieCheung/...,                            1996,8.9,相逢只要一瞬间，等待却像是一辈子。,https://movie.douban.com/subject/1305164/,剧情爱情
天使爱美丽,法国 德国,导演:让-皮埃尔·热内Jean-PierreJeunet   主演:奥黛丽·塔图AudreyTau...,                            2001,8.7,法式小清新。 ,https://movie.douban.com/subject/1292215/,剧情喜剧爱情
阳光灿烂的日子,中国,导演:姜文WenJiang   主演:夏雨YuXia/宁静JingNing/陶虹HongTao,                            1994,8.9,一场华丽的意淫。,https://movie.douban.com/subject/1291875/,剧情爱情
小森林 夏秋篇,日本,导演:森淳一JunichiMori   主演:桥本爱AiHashimoto/三浦贵大Takahir...,                            2014,9.0,那些静得只能听见呼吸的日子里，你明白孤独即生活。,https://movie.douban.com/subject/25814705/,剧情
借东西的小人阿莉埃蒂,日本,导演:米林宏昌HiromasaYonebayashi   主演:志田未来MiraiShida/神木...,                            2010,8.9,曾经的那段美好会沉淀为一辈子的记忆。,https://movie.douban.com/subject/4202302/,动画奇幻冒险
完美的世界,美国,导演:克林特·伊斯特伍德ClintEastwood   主演:凯文·科斯特纳KevinCos...,                            1993,9.1,坏人的好总是比好人的好来得更感人。,https://movie.douban.com/subject/1300992/,剧情犯罪
无人知晓,日本,导演:是枝裕和HirokazuKoreeda   主演:柳乐优弥YûyaYagira/北浦爱...,                            2004,9.1,我的平常生活就是他人的幸福。,https://movie.douban.com/subject/1292337/,剧情
消失的爱人,美国,导演:大卫·芬奇DavidFincher   主演:本·阿弗莱克BenAffleck/罗莎蒙...,                            2014,8.7,年度最佳date movie。,https://movie.douban.com/subject/21318488/,剧情犯罪悬疑惊悚
倩女幽魂,中国,导演:程小东Siu-TungChing   主演:张国荣LeslieCheung/王祖贤JoeyW...,                            1987,8.8,两张绝世的脸。 ,https://movie.douban.com/subject/1297447/,爱情奇幻武侠古装
寄生虫,韩国,导演:奉俊昊Joon-hoBong   主演:宋康昊Kang-hoSong/李善均Seon-gyun...,                            2019,8.8,,https://movie.douban.com/subject/27010768/,剧情
时空恋旅人,英国,导演:理查德·柯蒂斯RichardCurtis   主演:多姆纳尔·格里森DomhnallGl...,                            2013,8.8,把每天当作最后一天般珍惜度过，积极拥抱生活，就是幸福。,https://movie.douban.com/subject/10577869/,喜剧爱情奇幻
侧耳倾听,日本,导演:近藤喜文YoshifumiKondo   主演:本名阳子YoukoHonna/小林桂树K...,                            1995,8.9,少女情怀总是诗。,https://movie.douban.com/subject/1297052/,剧情爱情动画
小森林 冬春篇,日本,导演:森淳一JunichiMori   主演:桥本爱AiHashimoto/三浦贵大Takahir...,                            2015,9.0,尊敬他人，尊敬你生活的这片土地，明白孤独是人生的常态。,https://movie.douban.com/subject/25814707/,剧情
幸福终点站,美国,导演:史蒂文·斯皮尔伯格StevenSpielberg   主演:汤姆·汉克斯TomHanks...,                            2004,8.8,有时候幸福需要等一等。 ,https://movie.douban.com/subject/1292274/,喜剧剧情爱情
驯龙高手,美国,导演:迪恩·德布洛斯DeanDeBlois/克里斯·桑德斯ChrisSanders   主演:...,                            2010,8.8,和谐的生活离不开摸头与被摸头。,https://movie.douban.com/subject/2353023/,动画奇幻冒险
教父3,美国,导演:弗朗西斯·福特·科波拉FrancisFordCoppola   主演:阿尔·帕西诺A...,                            1990,9.0,任何信念的力量，都无法改变命运。,https://movie.douban.com/subject/1294240/,剧情犯罪
一个叫欧维的男人决定去死,瑞典,导演:汉内斯·赫尔姆HannesHolm   主演:罗夫·拉斯加德RolfLassgård...,                            2015,8.9,惠及一生的美丽。,https://movie.douban.com/subject/26628357/,剧情
未麻的部屋,日本,导演:今敏SatoshiKon   主演:岩男润子JunkoIwao/松本梨香RicaMatsu...,                            1997,9.1,好的剧本是，就算你猜到了结局也猜不到全部。,https://movie.douban.com/subject/1395091/,动画奇幻惊悚
萤火之森,日本,导演:大森贵弘TakahiroOmori   主演:佐仓绫音AyaneSakura/内山昂辉K...,                            2011,8.9,触不到的恋人。,https://movie.douban.com/subject/5989818/,剧情爱情动画奇幻
怪兽电力公司,美国,导演:彼特·道格特PeteDocter/大卫·斯沃曼DavidSilverman   主演:约...,                            2001,8.8,不要给它起名字，起了名字就有感情了。,https://movie.douban.com/subject/1291579/,儿童喜剧动画奇幻冒险
哈利·波特与火焰杯,英国 美国,导演:迈克·内威尔MikeNewell   主演:丹尼尔·雷德克里夫DanielRadclif...,                            2005,8.8,,https://movie.douban.com/subject/1309055/,悬疑奇幻冒险
傲慢与偏见,法国 英国 美国,导演:乔·怀特JoeWright   主演:凯拉·奈特莉KeiraKnightley/马修·...,                            2005,8.7,爱是摈弃傲慢与偏见之后的曙光。,https://movie.douban.com/subject/1418200/,剧情爱情
玩具总动员3,美国,导演:李·昂克里奇LeeUnkrich   主演:汤姆·汉克斯TomHanks/蒂姆·艾...,                            2010,8.9,跨度十五年的欢乐与泪水。,https://movie.douban.com/subject/1858711/,喜剧动画奇幻冒险
新世界,韩国,导演:朴勋政Hoon-jungPark   主演:李政宰Jung-JaeLee/崔岷植Min-sik...,                            2013,8.9,要做就做得狠一点，这样才能活下去。,https://movie.douban.com/subject/10437779/,剧情犯罪
釜山行,韩国,导演:延尚昊Sang-hoYeon   主演:孔侑YooGong/郑有美Yu-miJung/马...,                            2016,8.6,揭露人性的丧尸题材力作。,https://movie.douban.com/subject/25986180/,动作惊悚灾难
神偷奶爸,美国 法国,导演:皮艾尔·柯芬PierreCoffin/克里斯·雷纳德ChrisRenaud   主演:...,                            2010,8.7,Mr. I Don't Care其实也有Care的时候。,https://movie.douban.com/subject/3287562/,喜剧动画冒险
被解救的姜戈,美国,导演:昆汀·塔伦蒂诺QuentinTarantino   主演:杰米·福克斯JamieFoxx/...,                            2012,8.8,热血沸腾，那个低俗、性感的无耻混蛋又来了。,https://movie.douban.com/subject/6307447/,剧情动作西部冒险
玛丽和马克思,澳大利亚 美国,导演:亚当·艾略特AdamElliot   主演:托妮·科莱特ToniCollette/菲利...,                            2009,9.0,你是我最好的朋友，你是我唯一的朋友 。,https://movie.douban.com/subject/3072124/,剧情喜剧动画
告白,日本,导演:中岛哲也TetsuyaNakashima   主演:松隆子TakakoMatsu/冈田将生...,                            2010,8.8,没有一人完全善，也没有一人完全恶。,https://movie.douban.com/subject/4268598/,剧情悬疑
大鱼,美国,导演:蒂姆·波顿TimBurton   主演:伊万·麦克格雷格EwanMcGregor/阿...,                            2003,8.8,抱着梦想而活着的人是幸福的，怀抱梦想而死去的人是不朽的。,https://movie.douban.com/subject/1291545/,剧情家庭奇幻冒险
哪吒闹海,中国,导演:王树忱ShuchenWang/严定宪DingxianYan   主演:梁正晖Zhenghui...,                            1979,9.2,想你时你在闹海。,https://movie.douban.com/subject/1307315/,冒险动画奇幻
射雕英雄传之东成西就,中国,导演:刘镇伟JeffreyLau   主演:梁朝伟TonyLeungChiuWai/林青霞Bri...,                            1993,8.7,百看不厌。 ,https://movie.douban.com/subject/1316510/,喜剧奇幻武侠古装
喜宴,中国,导演:李安AngLee   主演:赵文瑄WinstonChao/归亚蕾Ya-leiKuei/郎...,                            1993,9.0,中国家庭的喜怒哀乐忍。,https://movie.douban.com/subject/1303037/,剧情喜剧爱情同性家庭
头号玩家,美国,导演:史蒂文·斯皮尔伯格StevenSpielberg   主演:泰伊·谢里丹TyeSheri...,                            2018,8.7,写给影迷，动漫迷和游戏迷的一封情书。,https://movie.douban.com/subject/4920389/,动作科幻冒险
模仿游戏,英国 美国,导演:莫滕·泰杜姆MortenTyldum   主演:本尼迪克特·康伯巴奇BenedictC...,                            2014,8.8,他给机器起名“克里斯托弗”，因为这是他初恋的名字。,https://movie.douban.com/subject/10463953/,剧情传记战争同性
阳光姐妹淘,韩国,导演:姜炯哲Hyeong-CheolKang   主演:沈恩京Eun-kyungShim/闵孝琳Hy...,                            2011,8.8,再多各自牛逼的时光，也比不上一起傻逼的岁月。 ,https://movie.douban.com/subject/4917726/,剧情喜剧
茶馆,中国,导演:谢添TianXie   主演:于是之ShizhiYu/郑榕RongZhen/蓝天野T...,                            1982,9.6,,https://movie.douban.com/subject/1461403/,剧情历史
我是山姆,美国,导演:杰茜·尼尔森JessieNelson   主演:SeanPenn/DakotaFanning/Mi...,                            2001,9.0,爱并不需要智商 。,https://movie.douban.com/subject/1306861/,剧情家庭
九品芝麻官,中国,导演:王晶JingWong   主演:周星驰StephenChow/吴孟达ManTatNg/...,                            1994,8.7,,https://movie.douban.com/subject/1297518/,剧情喜剧古装
花样年华,中国,导演:王家卫KarWaiWong   主演:梁朝伟TonyLeungChiuWai/张曼玉Ma...,                            2000,8.7,偷情本没有这样美。,https://movie.douban.com/subject/1291557/,剧情爱情
血战钢锯岭,澳大利亚 美国,导演:梅尔·吉布森MelGibson   主演:安德鲁·加菲尔德AndrewGarfield/...,                            2016,8.7,优秀的战争片不会美化战场，不会粉饰死亡，不会矮化敌人，不会无视常识，最重要的，不会宣扬战争。,https://movie.douban.com/subject/26325320/,剧情传记历史战争
恐怖直播,韩国,导演:金秉祐Byeong-wooKim   主演:河正宇Jung-wooHa/李璟荣Kyeong-y...,                            2013,8.7,恐怖分子的“秋菊打官司”。,https://movie.douban.com/subject/21360417/,剧情犯罪悬疑
色，戒,中国,导演:李安AngLee   主演:梁朝伟TonyLeungChiuWai/汤唯WeiTang/...,                            2007,8.7,假戏真情，爱欲深海,https://movie.douban.com/subject/1828115/,剧情爱情情色
七武士,日本,导演:黑泽明AkiraKurosawa   主演:三船敏郎ToshirôMifune/志村乔...,                            1954,9.3,时代悲歌。,https://movie.douban.com/subject/1295399/,动作冒险剧情
头脑特工队,美国,导演:彼特·道格特PeteDocter/罗纳尔多·德尔·卡门RonaldoDelCarmen  &nb...,                            2015,8.8,愿我们都不用长大，每一座城堡都能永远存在。,https://movie.douban.com/subject/10533913/,喜剧动画冒险
惊魂记,美国,导演:阿尔弗雷德·希区柯克AlfredHitchcock   主演:安东尼·博金斯Antho...,                            1960,9.0,故事的反转与反转，分裂电影的始祖。,https://movie.douban.com/subject/1293181/,悬疑惊悚恐怖
黑客帝国3：矩阵革命,美国,导演:拉娜·沃卓斯基LanaWachowski/莉莉·沃卓斯基LillyWachowski   ...,                            2003,8.8,不得不说，《黑客帝国》系列是商业片与科幻、哲学完美结合的典范。,https://movie.douban.com/subject/1302467/,动作科幻
你的名字。,日本,导演:新海诚MakotoShinkai   主演:神木隆之介RyûnosukeKamiki/上...,                            2016,8.5,穿越错位的时空，仰望陨落的星辰，你没留下你的名字，我却无法忘记那句“我爱你”。,https://movie.douban.com/subject/26683290/,剧情爱情动画
电锯惊魂,美国,导演:詹姆斯·温JamesWan   主演:雷·沃纳尔LeighWhannell/加利·艾...,                            2004,8.8,真相就在眼前。,https://movie.douban.com/subject/1417598/,悬疑惊悚恐怖
三块广告牌,英国 美国,导演:马丁·麦克唐纳MartinMcDonagh   主演:弗兰西斯·麦克多蒙德France...,                            2017,8.7,怼天怼地，你走后，她与世界为敌。,https://movie.douban.com/subject/26611804/,剧情犯罪
达拉斯买家俱乐部,美国,导演:让-马克·瓦雷Jean-MarcVallée   主演:马修·麦康纳MatthewMcCon...,                            2013,8.8,Jared Leto的腿比女人还美！,https://movie.douban.com/subject/1793929/,剧情传记同性
疯狂原始人,美国,导演:科克·德·米科KirkDeMicco/克里斯·桑德斯ChrisSanders   主演...,                            2013,8.7,老少皆宜，这就是好莱坞动画的魅力。,https://movie.douban.com/subject/1907966/,喜剧动画冒险
心迷宫,中国,导演:忻钰坤YukunXin   主演:霍卫民WeiminHuo/王笑天XiaotianWang...,                            2014,8.7,荒诞讽刺，千奇百巧，抽丝剥茧，百转千回。,https://movie.douban.com/subject/25917973/,剧情犯罪悬疑
谍影重重3,美国 德国 法国 英国,导演:保罗·格林格拉斯PaulGreengrass   主演:马特·达蒙MattDamon/...,                            2007,8.8,像吃了苏打饼一样干脆的电影。,https://movie.douban.com/subject/1578507/,动作悬疑惊悚
上帝之城,巴西 法国,导演:费尔南多·梅里尔斯FernandoMeirelles/卡迪亚·兰德KátiaLund  &nbsp...,                            2002,9.0,被上帝抛弃了的上帝之城。,https://movie.douban.com/subject/1292208/,犯罪剧情
英雄本色,中国,导演:吴宇森JohnWoo   主演:周润发Yun-FatChow/狄龙LungTi/张国...,                            1986,8.6,英雄泪短，兄弟情长。 ,https://movie.douban.com/subject/1297574/,剧情动作犯罪
卢旺达饭店,英国 南非 意大利 美国,导演:特瑞·乔治TerryGeorge   主演:唐·钱德尔DonCheadle/苏菲·奥...,                            2004,8.9,当这个世界闭上双眼，他却敞开了怀抱。,https://movie.douban.com/subject/1291822/,剧情传记历史战争
纵横四海,中国,导演:吴宇森JohnWoo   主演:周润发Yun-FatChow/张国荣LeslieCheung...,                            1991,8.8,香港浪漫主义警匪动作片的巅峰之作。,https://movie.douban.com/subject/1295409/,剧情喜剧动作犯罪
风之谷,日本,导演:宫崎骏HayaoMiyazaki   主演:岛本须美SumiShimamoto/松田洋治Y...,                            1984,8.9,动画片的圣经。,https://movie.douban.com/subject/1291585/,动画奇幻冒险
海街日记,日本,导演:是枝裕和HirokazuKoreeda   主演:绫濑遥HarukaAyase/长泽雅美M...,                            2015,8.8,是枝裕和的家庭习作。,https://movie.douban.com/subject/25895901/,剧情家庭
爱在午夜降临前,美国 希腊,导演:理查德·林克莱特RichardLinklater   主演:伊桑·霍克EthanHawke...,                            2013,8.9,所谓爱情，就是话唠一路，都不会心生腻烦，彼此嫌弃。,https://movie.douban.com/subject/10808442/,剧情爱情
绿里奇迹,美国,导演:弗兰克·德拉邦特FrankDarabont   主演:汤姆·汉克斯TomHanks/...,                            1999,8.9,天使暂时离开。,https://movie.douban.com/subject/1300374/,犯罪剧情奇幻悬疑
记忆碎片,美国,导演:克里斯托弗·诺兰ChristopherNolan   主演:盖·皮尔斯GuyPearce/...,                            2000,8.7,一个针管引发的血案。,https://movie.douban.com/subject/1304447/,犯罪剧情悬疑惊悚
岁月神偷,中国,导演:罗启锐AlexLaw   主演:吴君如SandraNg/任达华SimonYam/钟绍...,                            2010,8.7,岁月流逝，来日可追。,https://movie.douban.com/subject/3792799/,剧情家庭
忠犬八公物语,日本,导演:神山征二郎SeijirôKôyama   主演:仲代达矢TatsuyaNakadai/...,                            1987,9.2,养狗三日，便会对你终其一生。,https://movie.douban.com/subject/1959195/,剧情
疯狂的石头,中国,导演:宁浩HaoNing   主演:郭涛TaoGuo/刘桦HuaLiu/连晋TeddyLin,                            2006,8.6,中国版《两杆大烟枪》。,https://movie.douban.com/subject/1862151/,喜剧犯罪
荒蛮故事,阿根廷 西班牙,导演:达米安·斯兹弗隆DamiánSzifron   主演:达里奥·葛兰帝内提Darío...,                            2014,8.8,始于荒诞，止于更荒诞。,https://movie.douban.com/subject/24750126/,剧情喜剧犯罪
雨中曲,美国,导演:斯坦利·多南StanleyDonen/吉恩·凯利GeneKelly   主演:吉恩·...,                            1952,9.1,骨灰级歌舞片。,https://movie.douban.com/subject/1293460/,喜剧歌舞爱情
小偷家族,日本,导演:是枝裕和HirokazuKoreeda   主演:中川雅也LilyFranky/安藤樱Sa...,                            2018,8.7,我们组成了家。,https://movie.douban.com/subject/27622447/,剧情犯罪家庭
2001太空漫游,英国 美国,导演:斯坦利·库布里克StanleyKubrick   主演:凯尔·杜拉KeirDullea/...,                            1968,8.9,现代科幻电影的开山之作，最伟大导演的最伟大影片。,https://movie.douban.com/subject/1292226/,科幻惊悚冒险
小丑,美国 加拿大,导演:托德·菲利普斯ToddPhillips   主演:杰昆·菲尼克斯JoaquinPhoeni...,                            2019,8.7,,https://movie.douban.com/subject/27119724/,剧情犯罪惊悚
爆裂鼓手,美国,导演:达米恩·查泽雷DamienChazelle   主演:迈尔斯·特勒MilesTeller/...,                            2014,8.7,这个世界从不善待努力的人，努力了也不一定会成功，但是知道自己在努力，就是活下去的动力。,https://movie.douban.com/subject/25773932/,剧情音乐
背靠背，脸对脸,中国,导演:黄建新JianxinHuang/杨亚洲YazhouYang   主演:牛振华ZhenhuaN...,                            1994,9.5,,https://movie.douban.com/subject/1307856/,剧情
无敌破坏王,美国,导演:瑞奇·莫尔RichMoore   主演:约翰·C·赖利JohnC.Reilly/萨拉...,                            2012,8.7,迪士尼和皮克斯拿错剧本的产物。,https://movie.douban.com/subject/6534248/,喜剧动画奇幻冒险
无间道2,中国,导演:刘伟强/麦兆辉   主演:陈冠希EdisonChen/余文乐ShawnYue/曾...,                            2003,8.7,,https://movie.douban.com/subject/1307106/,剧情犯罪惊悚
贫民窟的百万富翁,英国,导演:丹尼·鲍尔DannyBoyle/洛芙琳·坦丹LoveleenTandan   主演:戴夫...,                            2008,8.6,上帝之城+猜火车+阿甘正传+开心辞典=山寨富翁,https://movie.douban.com/subject/2209573/,剧情爱情
冰川时代,美国,导演:卡洛斯·沙尔丹哈CarlosSaldanha/克里斯·韦奇ChrisWedge   主演...,                            2002,8.6,松鼠才是角儿。,https://movie.douban.com/subject/1291578/,喜剧动画冒险
心灵奇旅,美国,导演:彼特·道格特PeteDocter/凯普·鲍尔斯KempPowers   主演:杰米·...,                            2020,8.7,,https://movie.douban.com/subject/24733428/,动画奇幻音乐
东邪西毒,中国,导演:王家卫KarWaiWong   主演:张国荣LeslieCheung/林青霞Brigitte...,                            1994,8.6,电影诗。,https://movie.douban.com/subject/1292328/,剧情动作爱情武侠古装
恐怖游轮,英国 澳大利亚,导演:克里斯托弗·史密斯ChristopherSmith   主演:梅利莎·乔治Melissa...,                            2009,8.5,不要企图在重复中寻找已经失去的爱。,https://movie.douban.com/subject/3011051/,剧情悬疑惊悚
牯岭街少年杀人事件,中国,导演:杨德昌EdwardYang   主演:张震ChenChang/杨静怡LisaYang/张...,                            1991,8.9,弱者送给弱者的一刀。,https://movie.douban.com/subject/1292329/,剧情犯罪
魔女宅急便,日本,导演:宫崎骏HayaoMiyazaki   主演:高山南MinamiTakayama/佐久间玲Re...,                            1989,8.7,宫崎骏的电影总让人感觉世界是美好的，阳光明媚的。,https://movie.douban.com/subject/1307811/,动画奇幻冒险
遗愿清单,美国,导演:罗伯·莱纳RobReiner   主演:杰克·尼科尔森JackNicholson/摩根...,                            2007,8.7,用剩余不多的时间，去燃烧整个生命。,https://movie.douban.com/subject/1867345/,冒险喜剧剧情
东京教父,日本,导演:今敏SatoshiKon   主演:江守彻ToruEmori/梅垣义明YoshiakiUme...,                            2003,9.0,,https://movie.douban.com/subject/1310177/,剧情喜剧动画
你看起来好像很好吃,日本,导演:藤森雅也MasayaFujimori   主演:山口胜平KappeiYamaguchi/爱河...,                            2010,8.9,感情不分食草或者食肉。,https://movie.douban.com/subject/4848115/,剧情动画儿童
真爱至上,英国 美国 法国,导演:理查德·柯蒂斯RichardCurtis   主演:休·格兰特HughGrant/柯林...,                            2003,8.6,爱，是个动词。,https://movie.douban.com/subject/1292401/,喜剧剧情爱情
大佛普拉斯,中国,导演:黄信尧Hsin-yaoHuang   主演:庄益增YizengZhuang/陈竹昇Chu-sh...,                            2017,8.7,人们可以登上月球，却永远无法探索人们内心的宇宙。,https://movie.douban.com/subject/27059130/,剧情喜剧
黑天鹅,美国,导演:达伦·阿罗诺夫斯基DarrenAronofsky   主演:娜塔莉·波特曼Natalie...,                            2010,8.6,黑暗之美。,https://movie.douban.com/subject/1978709/,剧情惊悚
可可西里,中国,导演:陆川ChuanLu   主演:多布杰Duobujie/张磊LeiZhang/亓亮QiL...,                            2004,8.9,坚硬的信仰。,https://movie.douban.com/subject/1308857/,剧情犯罪
城市之光,美国,导演:CharlesChaplin   主演:查理·卓别林CharlesChaplin/弗吉尼亚·...,                            1931,9.3,永远的小人物，伟大的卓别林。,https://movie.douban.com/subject/1293908/,喜剧剧情爱情
源代码,美国 加拿大,导演:邓肯·琼斯DuncanJones   主演:杰克·吉伦哈尔JakeGyllenhaal/...,                            2011,8.5,邓肯·琼斯继《月球》之后再度奉献出一部精彩绝伦的科幻佳作。,https://movie.douban.com/subject/3075287/,科幻悬疑惊悚
雨人,美国,导演:巴瑞·莱文森BarryLevinson   主演:达斯汀·霍夫曼DustinHoffman...,                            1988,8.7,生活在自己的世界里，也可以让周围的人显得可笑和渺小。,https://movie.douban.com/subject/1291870/,剧情
恋恋笔记本,美国,导演:尼克·卡索维茨NickCassavetes   主演:瑞恩·高斯林RyanGosling/...,                            2004,8.5,爱情没有那么多借口，如果不能圆满，只能说明爱的不够。 ,https://movie.douban.com/subject/1309163/,剧情爱情
海边的曼彻斯特,美国,导演:肯尼斯·罗纳根KennethLonergan   主演:卡西·阿弗莱克CaseyAffle...,                            2016,8.6,我们都有权利不与自己的过去和解。,https://movie.douban.com/subject/25980443/,剧情家庭
初恋这件小事,泰国,导演:普特鹏·普罗萨卡·那·萨克那卡林PuttipongPromsakaNaSakolnakorn/华森·波克彭...,                            2010,8.5,黑小鸭速效美白记。,https://movie.douban.com/subject/4739952/,剧情喜剧爱情
人工智能,美国 英国,导演:史蒂文·斯皮尔伯格StevenSpielberg   主演:海利·乔·奥斯蒙Haley...,                            2001,8.7,对爱的执着，可以超越一切。,https://movie.douban.com/subject/1302827/,剧情科幻
波西米亚狂想曲,英国 美国,导演:布莱恩·辛格BryanSinger   主演:拉米·马雷克RamiMalek/本·哈...,                            2018,8.6,,https://movie.douban.com/subject/5300054/,剧情传记同性音乐
虎口脱险,法国 英国,导演:杰拉尔·乌里GérardOury   主演:路易·德·菲耐斯LouisdeFunès...,                            1966,8.9,永远看不腻的喜剧。,https://movie.douban.com/subject/1296909/,喜剧战争
青蛇,中国,导演:徐克HarkTsui   主演:张曼玉MaggieCheung/王祖贤JoeyWang/...,                            1993,8.6,人生如此，浮生如斯。谁人言，花彼岸，此生情长意短。谁都是不懂爱的罢了。,https://movie.douban.com/subject/1303394/,剧情爱情奇幻古装
终结者2：审判日,美国 法国,导演:詹姆斯·卡梅隆JamesCameron   主演:阿诺·施瓦辛格ArnoldSchwarz...,                            1991,8.8,少见的超越首部的续集，动作片中的经典。,https://movie.douban.com/subject/1291844/,动作科幻
罗生门,日本,导演:黑泽明AkiraKurosawa   主演:三船敏郎ToshirôMifune/京町子...,                            1950,8.8,人生的N种可能性。,https://movie.douban.com/subject/1291879/,剧情犯罪悬疑
疯狂的麦克斯4：狂暴之路,澳大利亚 美国,导演:乔治·米勒GeorgeMiller   主演:汤姆·哈迪TomHardy/查理兹·塞...,                            2015,8.7,“多么美好的一天！”轰轰轰砰咚，啪哒哒哒轰隆隆，磅~,https://movie.douban.com/subject/3592854/,动作科幻冒险
萤火虫之墓,日本,导演:高畑勋IsaoTakahata   主演:辰己努/白石绫乃/志乃原良子,                            1988,8.7,幸福是生生不息，却难以触及的远。 ,https://movie.douban.com/subject/1293318/,动画剧情战争
新龙门客栈,中国,导演:李惠民RaymondLee   主演:张曼玉MaggieCheung/林青霞Brigitte...,                            1992,8.7,嬉笑怒骂，调风动月。,https://movie.douban.com/subject/1292287/,动作爱情武侠古装
千钧一发,美国,导演:安德鲁·尼科尔AndrewNiccol   主演:伊桑·霍克EthanHawke/乌玛...,                            1997,8.8,一部能引人思考的科幻励志片。,https://movie.douban.com/subject/1300117/,剧情科幻惊悚
崖上的波妞,日本,导演:宫崎骏HayaoMiyazaki   主演:奈良柚莉爱YuriaNara/土井洋辉Hir...,                            2008,8.6,,https://movie.douban.com/subject/1959877/,动画奇幻冒险
无耻混蛋,德国 美国,导演:昆汀·塔伦蒂诺QuentinTarantino   主演:布拉德·皮特BradPitt/...,                            2009,8.6,昆汀同学越来越变态了，比北野武还杜琪峰。,https://movie.douban.com/subject/1438652/,剧情犯罪
末路狂花,美国 英国 法国,导演:雷德利·斯科特RidleyScott   主演:吉娜·戴维斯GeenaDavis/苏...,                            1991,8.9,没有了退路，只好飞向自由。,https://movie.douban.com/subject/1291992/,犯罪剧情惊悚
奇迹男孩,中国,导演:斯蒂芬·卓博斯基StephenChbosky   主演:雅各布·特伦布莱JacobTr...,                            2017,8.6,世界不完美，爱会有奇迹。,https://movie.douban.com/subject/26787574/,剧情儿童家庭
彗星来的那一夜,美国 英国,导演:詹姆斯·沃德·布柯特JamesWardByrkit   主演:艾米丽·芭尔多尼Em...,                            2013,8.6,小成本大魅力。,https://movie.douban.com/subject/25807345/,科幻悬疑惊悚
二十二,中国,导演:郭柯KeGuo   主演:,                            2015,8.7,有一些东西不应该被遗忘。,https://movie.douban.com/subject/26430107/,纪录片
黑客帝国2：重装上阵,美国,导演:拉娜·沃卓斯基LanaWachowski/莉莉·沃卓斯基LillyWachowski   ...,                            2003,8.7,一个精彩的世界观正在缓缓建立。,https://movie.douban.com/subject/1304141/,动作科幻
花束般的恋爱,日本,导演:土井裕泰NobuhiroDoi   主演:菅田将晖MasakiSuda/有村架纯Kasu...,                            2021,8.6,,https://movie.douban.com/subject/34874432/,剧情爱情
爱乐之城,美国,导演:达米恩·查泽雷DamienChazelle   主演:瑞恩·高斯林RyanGosling/...,                            2016,8.4,,https://movie.douban.com/subject/25934014/,剧情爱情歌舞
血钻,美国 德国 英国,导演:爱德华·兹威克EdwardZwick   主演:莱昂纳多·迪卡普里奥Leonardo...,                            2006,8.7,每个美丽事物背后都是滴血的现实。,https://movie.douban.com/subject/1428175/,剧情惊悚冒险
房间,爱尔兰 加拿大 英国 美国,导演:伦尼·阿伯拉罕森LennyAbrahamson   主演:布丽·拉尔森BrieLarson...,                            2015,8.8,被偷走的岁月，被伤害的生命，被禁锢的灵魂，终将被希望和善意救赎。,https://movie.douban.com/subject/25724855/,剧情家庭
战争之王,法国 德国 美国,导演:安德鲁·尼科尔AndrewNiccol   主演:尼古拉斯·凯奇NicolasCage/...,                            2005,8.7,做一颗让别人需要你的棋子。,https://movie.douban.com/subject/1419936/,剧情犯罪
步履不停,日本,导演:是枝裕和HirokazuKoreeda   主演:阿部宽HiroshiAbe/夏川结衣Yu...,                            2008,8.8,日本的家庭电影已经是世界巅峰了，步履不停是巅峰中的佳作。,https://movie.douban.com/subject/2222996/,剧情家庭
魂断蓝桥,美国,导演:茂文·勒鲁瓦MervynLeRoy   主演:费雯·丽VivienLeigh/罗伯特·...,                            1940,8.8,中国式内在的美国电影。,https://movie.douban.com/subject/1293964/,剧情爱情战争
芙蓉镇,中国,导演:谢晋JinXie   主演:刘晓庆XiaoqingLiu/姜文WenJiang/郑在石...,                            1987,9.3,,https://movie.douban.com/subject/1297880/,剧情爱情
火星救援,英国 美国 匈牙利 约旦,导演:雷德利·斯科特RidleyScott   主演:马特·达蒙MattDamon/杰西卡...,                            2015,8.5,,https://movie.douban.com/subject/25864085/,剧情科幻冒险
哈利·波特与死亡圣器(上),英国 美国,导演:大卫·叶茨DavidYates   主演:丹尼尔·雷德克里夫DanielRadcliffe...,                            2010,8.5,最忠于原著的一部。,https://movie.douban.com/subject/2051007/,奇幻冒险
千年女优,日本,导演:今敏SatoshiKon   主演:庄司美代子MiyokoShôji/小山茉美Mam...,                            2001,8.8,爱情是一场没有尽头的虚幻追逐。,https://movie.douban.com/subject/1307394/,动画剧情爱情
谍影重重2,美国 德国,导演:保罗·格林格拉斯PaulGreengrass   主演:马特·达蒙MattDamon/...,                            2004,8.7,谁说王家卫镜头很晃？,https://movie.douban.com/subject/1308767/,动作悬疑惊悚
阿飞正传,中国,导演:王家卫KarWaiWong   主演:张国荣LeslieCheung/张曼玉MaggieC...,                            1990,8.5,王家卫是一种风格，张国荣是一个代表。,https://movie.douban.com/subject/1305690/,犯罪剧情爱情
弱点,美国,导演:约翰·李·汉考克JohnLeeHancock   主演:桑德拉·布洛克SandraBu...,                            2009,8.7,拍掉身上的悲伤，从今天开始重新踏上追梦之旅。,https://movie.douban.com/subject/3552028/,剧情家庭传记运动
燃情岁月,美国,导演:爱德华·兹威克EdwardZwick   主演:布拉德·皮特BradPitt/安东...,                            1994,8.8,传奇，不是每个人都可以拥有。,https://movie.douban.com/subject/1295865/,剧情爱情战争西部
谍影重重,美国 德国 捷克,导演:道格·里曼DougLiman   主演:马特·达蒙MattDamon/弗兰卡·波坦...,                            2002,8.6,哗啦啦啦啦，天在下雨，哗啦啦啦啦，云在哭泣……找自己。,https://movie.douban.com/subject/1304102/,动作悬疑惊悚
朗读者,美国 德国,导演:史蒂芬·戴德利StephenDaldry   主演:凯特·温丝莱特KateWinslet...,                            2008,8.6,当爱情跨越年龄的界限，它似乎能变得更久远一点，成为一种责任，一种水到渠成的相濡以沫。 ,https://movie.douban.com/subject/2213597/,剧情爱情
再次出发之纽约遇见你,美国,导演:约翰·卡尼JohnCarney   主演:凯拉·奈特莉KeiraKnightley/马克...,                            2013,8.6,爱我就给我看你的播放列表。,https://movie.douban.com/subject/6874403/,喜剧爱情音乐
白日梦想家,美国 英国,导演:本·斯蒂勒BenStiller   主演:本·斯蒂勒BenStiller/克里斯汀·...,                            2013,8.6,,https://movie.douban.com/subject/2133323/,剧情喜剧冒险
哈利·波特与凤凰社,英国 美国,导演:大卫·叶茨DavidYates   主演:丹尼尔·雷德克里夫DanielRadcliffe...,                            2007,8.5,,https://movie.douban.com/subject/1457217/,奇幻冒险
香水,德国 法国 西班牙 美国 比利时,导演:汤姆·提克威TomTykwer   主演:本·卫肖BenWhishaw/艾伦·瑞克...,                            2006,8.5,一个单凭体香达到高潮的男人。,https://movie.douban.com/subject/1760622/,剧情犯罪奇幻
穿越时空的少女,日本,导演:细田守MamoruHosoda   主演:仲里依纱RiisaNaka/石田卓也Takuya...,                            2006,8.6,爱上未来的你。 ,https://movie.douban.com/subject/1937946/,剧情爱情科幻动画
海洋,法国 瑞士 西班牙 美国 阿联酋 摩纳哥,导演:雅克·贝汉JacquesPerrin/雅克·克鲁奥德JacquesCluzaud   主演:...,                            2009,9.1,大海啊，不全是水。,https://movie.douban.com/subject/3443389/,纪录片
